Name,URL,Photo,Description,Members
The Atlanta JavaScript Meetup Group,https://www.meetup.com/AtlantaJavaScript/,https://secure.meetupstatic.com/photos/event/2/7/8/b/600_451330123.jpeg,"Meet other local JavaScripters to share knowledge, to review the state of the art, or to dream up new applications.",4671
Freeside Atlanta,https://www.meetup.com/Freeside-Atlanta/,https://secure.meetupstatic.com/photos/event/2/5/a/4/600_451929636.jpeg,"Freeside is a Makerspace for hackers, designers, artists, students, and hobbyists in Atlanta, Georgia. We host lots of classes and projects to help people network and make their ideas a reality.",4649
PyAtl: Atlanta Python Programmers,https://www.meetup.com/python-atlanta/,https://secure.meetupstatic.com/photos/event/7/8/2/3/600_449910755.jpeg,"PyAtl meets every month in Atlanta for presentations and discussion about Python, the powerful and easy-to-use programming language. Every meeting tries to include something for beginners, and also to tackle advanced topics for seasoned developers. We are all learning, so don't be shy about attending, no matter your experience level! Come discover the feeling of community that emerges when people step forward from behind their blogs and keyboards to talk about their favorite programming language.",4235
Atlanta Startup Founder 101,https://www.meetup.com/Atlanta-Startup-Founder-101/,https://secure.meetupstatic.com/photos/event/5/7/0/1/600_445102273.jpeg,"At Startup Founder 101, aspiring and early-stage startup founders meet once a month to hear candid talks by successful local entrepreneurs. Learn the best practices, strategies, and mistakes to avoid from those who have been there, done that. Then, if you’d like, you can share your ideas and plans in a relaxed setting to get personal and professional feedback.",4053
Atlanta Web Design Group,https://www.meetup.com/atlantawebdesign/,https://secure.meetupstatic.com/photos/event/a/d/4/600_331022772.jpeg,"We aim to provide a place for Web professionals to meet new people, exchange ideas, learn new things, and have a little fun. We have several events each month: one for learning, and happy hours all over the metro area for socializing.",3759
Data Science & Business Intelligence Society of Atlanta,https://www.meetup.com/Atlanta-Society-for-Business-Intelligence/,https://secure.meetupstatic.com/photos/event/a/6/0/6/600_442842502.jpeg,"The Data Science and Business Intelligence Society of Atlanta is a vendor-neutral organization created for the purpose of sharing knowledge and experiences relative to data science and business intelligence, exploratory and predictive analytics.",3659
Atlanta Big Data User Group,https://www.meetup.com/BigData-Atlanta/,https://secure.meetupstatic.com/photos/event/e/4/5/4/600_271918452.jpeg,"The Atlanta Big Data Meetup group is an Atlanta based community of technology professionals dedicated to promoting the solutions, best practices, and innovative ideas needed for enterprise organizations to get the maximum value from the data their organizations are collecting every day. With over 2.5 quintillion bytes of data are created every day, we are at the epicenter of a ""data"" revolution. Through an exchange of BIG ideas, education, and fresh thinking from data professional, technologists, and enthusiasts, Atlanta Big Data aims to focus on providing interesting insights into issues related to data visualization, data in motion, data at rest, batch processing, and cover leading edge architectures, and solutions related to the Big Data to include security, privacy, analytics, and support from development to operations. The intent of Atlanta Big Data isn’t solely technical, the Group strives to discuss, discover, and communicate how Big Data solutions can be used to advance and support national security, energy, transportation, media, logistics, financial services, law enforcement, healthcare, and education and many other areas that serve our community’s interests.",3628
North Atlanta JavaScript and Web Dev,https://www.meetup.com/NorthAtlantaJavaScript/,https://secure.meetupstatic.com/photos/event/1/3/e/600_433980318.jpeg,Welcome to the North Atlanta JavaScript User Group,3599
SEO & Wordpress,https://www.meetup.com/atlanta-wordpress-seo/,https://secure.meetupstatic.com/photos/event/2/d/d/e/600_427451742.jpeg,SEO & Wordpress meetup (http://www.meetup.com/atlanta-wordpress-seo) group is designed to help small business owners to be found online.,3435
The Iron Yard - Atlanta,https://www.meetup.com/The-Iron-Yard-Atlanta/,https://secure.meetupstatic.com/photos/event/9/9/8/c/600_446859308.jpeg,"The Iron Yard exists to create exceptional growth and mentorship for people and their ideas through tech-focused education. We’re passionate about the communities we exist in and strive to be good citizens of the tech industry. Our doors are open to everyone who wants to learn about technology, from kids to people who want to change careers. Come to one of our events to see what all of the excitement is about.",3329
Atlanta Tech & Entertainment - Workshops & Competitions,https://www.meetup.com/ATT-Atlanta-Tech-Entertainment/,https://secure.meetupstatic.com/photos/event/b/0/2/b/600_460425099.jpeg,"High quality, free technology and entertainment workshops and competitions by AT&T",3296
Atlanta Web Technology Group,https://www.meetup.com/AtlantaWTG/,https://secure.meetupstatic.com/photos/event/6/d/1/1/600_25587921.jpeg,"We are a 501(c)(3) non-profit organization that is dedicated to the education and discussion of web and mobile technologies. We are the oldest continuous running technology user group in Atlanta, and membership is completely FREE.",3282
Data Science ATL,https://www.meetup.com/Data-Science-ATL/,https://secure.meetupstatic.com/photos/event/1/e/5/c/600_337567772.jpeg,"A gathering of current and aspiring Data Science practitioners. We focus on practical applications of exploratory data analysis, statistics, machine learning and data visualization to solve interesting problems in any field.",3259
The Atlanta iOS Developers,https://www.meetup.com/iosatlanta/,https://secure.meetupstatic.com/photos/event/9/d/0/0/600_452980192.jpeg,"This group is dedicated to people developing native applications for the Apple iPhone, iPad, iPod Touch or any iOS device (including Mac apps).",3233
Atlanta WordPress Users Group,https://www.meetup.com/wordpress-atlanta/,https://secure.meetupstatic.com/photos/event/4/e/5/5/600_447200053.jpeg,This group is the oldest and largest Atlanta WordPress Meetup.,3093
Atlanta Mobile Developers Group,https://www.meetup.com/Atlanta-Mobile-Developers-Group/,"",The Atlanta Mobile Developers Group is a group of individuals that are involved with or interested in the area mobile development & technology.,2983
The Online ColdFusion Meetup,https://www.meetup.com/coldfusionmeetup/,https://secure.meetupstatic.com/photos/event/7/8/9/3/600_210867.jpeg,"The Online ColdFusion Meetup, hosted since early 2007 by Charlie Arehart, has held 250 presentations by several dozen speakers on CF-related topics (and non-CF topics that may be of interest to CFers). CF users from anywhere are free to attend. Become a member here (free, joining 2,700+ others) to get notified of new meetings, optionally participate in ratings and discussions, and more.",2785
Atlanta Scrum Users Group,https://www.meetup.com/agile-38/,https://secure.meetupstatic.com/photos/event/c/1/8/6/600_337969542.jpeg,Meet local professionals interested in Agile/Scrum methods of software development.,2745
Women Who Code Atlanta,https://www.meetup.com/Women-Who-Code-Atlanta/,https://secure.meetupstatic.com/photos/event/a/7/e/9/600_451362985.jpeg,Follow us! @WWCAtl (http://twitter.com/wwcatl) #wwcode FB: Women Who Code (http://fb.com/womenwhocode),2617
Learn to Code | Thinkful Atlanta,https://www.meetup.com/Atlanta-Tech-Talent-Pipeline/,https://secure.meetupstatic.com/photos/event/e/2/e/9/600_462358089.jpeg,"Want to learn to code but don’t know where to start? This meetup was created to help people in Atlanta learn to code and gain new skills in web development and data science. Join us weekdays at 6:30pm for free workshops, info sessions, tech talks, and happy hours focused on building new skills and growing your career. Our events are well-suited for both beginners learning to code as well as intermediate developers or data scientists looking to level-up. We're proud to be sponsored by Thinkful Atlanta (https://www.thinkful.com/bootcamp/atlanta/?aff=meetup), the #1 rated coding bootcamp on CourseReport, who contributes a team of experienced mentors and career coaches to help out at events.",2595
Tech Talent South - Atlanta,https://www.meetup.com/Tech-Talent-South-Atlanta/,https://secure.meetupstatic.com/photos/event/d/9/0/1/600_445915553.jpeg,"Welcome to Tech Talent South Atlanta! Here you can find information about TTS hosted events, alumni updates, and information on how Tech Talent South is empowering folks to do BIG things!",2545
Art in Tech Atlanta,https://www.meetup.com/Art-in-Tech-Atlanta/,https://secure.meetupstatic.com/photos/event/b/3/8/6/600_458385958.jpeg,"Simply, our meetup aims to fuse the world of art and the world of tech.",2494
IxDA Atlanta,https://www.meetup.com/ixdaatlanta/,https://secure.meetupstatic.com/photos/event/8/e/d/a/600_466176570.jpeg,"IxDA Atlanta is the local chapter of the Interaction Design Association. Since 2009, we've put on design slams, socials, film screenings, UX show & tells, and hosted local and national speakers from the professional and academic communities. If you're into user experience, design, technology, strategy, or just want to learn more, we invite you to join the conversation.",2472
Code for Atlanta,https://www.meetup.com/codeforatlanta/,https://secure.meetupstatic.com/photos/event/d/0/e/f/600_451613487.jpeg,"We invite technologists of all stripes -- coders, designers, data scientists, product managers, and more -- to join our all-volunteer efforts to make Atlanta a better place. Anyone can lead a civic-minded, social good project. We welcome partnerships with local non-profits and government agencies on projects that serve the public and engage with all of metro Atlanta's communities.",2465
Atlanta Ruby Meetup Group,https://www.meetup.com/atlantaruby/,https://secure.meetupstatic.com/photos/event/a/a/d/c/600_450943740.jpeg,"ATLRUG is a non-profit organization of individuals interested in developing, promoting, fostering, strengthening, and improving the Ruby programming language and Ruby community.",2450
Learn Code in Atlanta (Study Groups),https://www.meetup.com/Atlanta-FlatironSchool/,https://secure.meetupstatic.com/photos/event/e/9/e/b/600_448379883.jpeg,"Learn to love code with learn.co! Whether you're brand new and have no programming experience or are already pursuing a career change to software development, get some in-person support from others by attending these study groups. Remember to bring your laptop and a charger!",2434
Girl Develop It Atlanta,https://www.meetup.com/Girl-Develop-It-Atlanta/,https://secure.meetupstatic.com/photos/event/9/c/e/e/600_446500174.jpeg,Want to learn how to code? Have a great idea? Don't be shy. Develop it.,2330
Nerd Fun - Atlanta,https://www.meetup.com/nerdfunatlanta/,https://secure.meetupstatic.com/photos/event/4/5/a/8/600_466037832.jpeg,"Let's get together and check out museums, cinema, music, lectures, festivals and all things interesting. It's a great way to meet new people and socialize with your fellow brainiacs.",2251
Cloud Computing Atlanta,https://www.meetup.com/acloud/,https://secure.meetupstatic.com/photos/event/1/9/2/0/600_101406432.jpeg,"A gathering place and forum for discussion of all things related to Cloud Computing. Originally, the ""AWSome Atlanta"" group (with a focus on Amazon Web Services), this group has become the vendor-neutral (but vendor-friendly) braintrust of the Atlanta Cloud Computing community, rife with architects, developers, engineers, consultants, salesfolks and newbies alike! Come join us, and take part in the (r)evolution that is Cloud Computing!",2218
DevOpsATL,https://www.meetup.com/DevOpsATL/,https://secure.meetupstatic.com/photos/event/1/9/0/600_446940400.jpeg,Want to find out the last information about this group or chat about DevOPS? Many of us hangout in #DevOPS (https://tech404.slack.com/messages/devops) on Tech404 (http://tech404.io/).,2216
Atlanta Nodejs Developers,https://www.meetup.com/Atlanta-Nodejs-Developers/,https://secure.meetupstatic.com/photos/event/7/1/6/0/600_451169024.jpeg,"The focus of this group will be to learn node js through a practical approach. We will have speakers followed by ""open spaces"" discussions.",2201
The Atlanta Blockchain,https://www.meetup.com/The-Atlanta-Blockchain/,https://secure.meetupstatic.com/photos/event/9/4/5/e/600_449617982.jpeg,"The Atlanta Blockchain (TAB). This group focuses on educating the community about decentralized crypto technologies. Many new and exciting things are happening in this space, things are changing quickly, don't be left behind. The future will be encrypted and decentralized and this is the time to learn what the heck is going on. We will focus on many things including: Bitcoin, Blockchain, Ethereum, decentralized storage, alt-coins, mining, programming, blockchain as a database, general education 101's, and more. Please come join us to be part of this technology revolution!",2193
Atlanta Java Users Group,https://www.meetup.com/atlantajug/,https://secure.meetupstatic.com/photos/event/2/2/f/6/600_466148950.jpeg,The Atlanta Java Users Group (AJUG) is organized by Java Developers for Java Developers in order to:,2184
Decatur Makers,https://www.meetup.com/Decatur-Makers/,https://secure.meetupstatic.com/photos/event/f/5/c/600_450783932.jpeg,"Decatur Makers is a welcoming, family-friendly community of inquisitive, motivated people who work together in a safe environment to discover, understand, design and create interesting things.",2172
Atlanta Hadoop Users Group,https://www.meetup.com/Atlanta-Hadoop-Users-Group/,https://secure.meetupstatic.com/photos/event/2/f/4/e/600_456132110.jpeg,"We're a group of Hadoop & Cloud Computing technologists / enthusiasts / curious people who discuss emerging technologies, Hadoop & related software development (HBase, Hypertable, PIG, etc).",2009
PyData Atlanta,https://www.meetup.com/PyData-Atlanta/,https://secure.meetupstatic.com/photos/event/c/9/2/1/600_454611489.jpeg,"PyData-Atlanta is interested in telling insightful stories about data and exploring the methods behind those stories. We advocate for open data ecosystems and workflows that center on open source tools, especially (but not exclusively) based in Python. We are focused on the vertical integration of tools and skills that transform raw data into insights, and we aim to provide a seminar-like learning environment. We host short interactive presentations, audience-contributed lightning talks (please sign up here (https://docs.google.com/forms/d/e/1FAIpQLSeSNEeUWP77Jr8fm7NhOQxu2DPJG1r3kPGmGHX0kDyNJsLKig/viewform)), panel discussions, and informal networking opportunities. Our events can benefit both experienced and beginner data scientists alike.",1959
Atlanta Bloggers,https://www.meetup.com/atlantabloggers/,https://secure.meetupstatic.com/photos/event/c/c/1/b/600_28972251.jpeg,"Meet other bloggers to talk about blogging, internet marketing, social media, tips and techniques, practices, SEO, writing and general support. All blog topics are welcome.",1921
DigitalCrafts | Learn to Code in Atlanta,https://www.meetup.com/learn-to-code-in-atlanta-digitalcrafts/,https://secure.meetupstatic.com/photos/event/4/d/3/d/600_461719773.jpeg,"Learning to code? DigitalCrafts (http://digitalcrafts.com/) is the top-rated coding bootcamp in Atlanta and Houston. Our Full Stack curriculum is proven and our graduates have been hired at great companies like Home Depot, New York Times, Car & Driver, LiveAction, Soltech, Market America, Narwhal Digital, RiskAlyze, Liaison Technologies, and more. Our programs are designed to transform beginners into full-stack software engineers with cutting edge skill sets, polished portfolios, interview training, and career support. We also offer rotating, evening electives for current students and alumni as an additional perk of joining our network.",1865
ATLANTA MINORITIES IN TECHNOLOGY,https://www.meetup.com/ATLANTA-MINORITIES-IN-TECHNOLOGY/,https://secure.meetupstatic.com/photos/event/2/d/a/6/600_438851686.jpeg,http://photos3.meetupstatic.com/photos/event/3/7/c/f/600_434954287.jpeg,1859
AtlantaPHP Meetup Group,https://www.meetup.com/atlantaphp/,https://secure.meetupstatic.com/photos/event/c/e/f/9/600_451912985.jpeg,"AtlantaPHP is the Southeast's premier PHP community. We are dedicated to building up the PHP community, providing networking opportunities, and developing the skills of our members.",1842
Atlanta .Net User Group,https://www.meetup.com/Atlanta-Net-User-Group/,https://secure.meetupstatic.com/photos/event/3/5/2/b/600_467053611.jpeg,The Atlanta .NET User Group is an independent user group formed by developers for developers. The group is the result of combining the Atlanta ASP.NET and Atlanta VB User Groups.,1839
ATL Angular,https://www.meetup.com/ATL-Angular/,https://secure.meetupstatic.com/photos/event/c/1/9/5/600_462169557.jpeg,Who we're geared towards:,1788
The Business Intelligence SIG,https://www.meetup.com/The-Business-Intelligence-SIG/,https://secure.meetupstatic.com/photos/event/7/c/9/4/600_448711892.jpeg,"The Business Intelligence SIG is a Special Interest Group within Executive Leadership Institute. The Executive Leadership Institute is a premier membership organization and business forum. The goal of the Institute to connect members, providing opportunities for strategic relationship development, access to intellectual exchange and world class speakers, and enhanced exposure to the broader business community.",1716
Big Data Developers in Atlanta,https://www.meetup.com/Big-Data-Developers-in-Atlanta/,https://secure.meetupstatic.com/photos/event/4/0/3/0/600_225436432.jpeg,"For Developers interested in learning about big data applications, technology and industry. Get jump started with Hadoop scripting, visualizations, and text analytics to address the full spectrum of Big Data business challenges.",1647
Google Developer Group Atlanta,https://www.meetup.com/gdg-atlanta/,https://secure.meetupstatic.com/photos/event/d/4/9/2/600_447894418.jpeg,"Google Developer Group (GDG) Atlanta is the local Atlanta chapter of the larger, global network of Google Developer Groups.",1602
Atlanta Android Developers,https://www.meetup.com/Atlanta-Android-Developers/,https://secure.meetupstatic.com/photos/event/4/b/4/0/600_452539264.jpeg,The place to be for Google Android developers!,1597
"Association of Black Engineers, Scientists and Technologists",https://www.meetup.com/blackbiz-279/,https://secure.meetupstatic.com/photos/event/4/9/5/6/600_10518774.jpeg,"The ABEST Mission: To promote business and employment opportunities for black engineering, science and technology professionals so they may realize their full potentials, make enhanced contributions to their respective fields, and make enhanced contributions to our communities. http://www.blackbiztech.com - Our Social Network",1582
Big Data Processing & Analytics - HPCC Systems (LexisNexis),https://www.meetup.com/Big-Data-Processing-and-Analytics-LexisNexis-HPCC-Systems/,https://secure.meetupstatic.com/photos/event/3/2/4/c/600_458592876.jpeg,"A professional meetup for technology and business executives and managers to discuss solving the challenges of big data processing, delivery and analytics.",1525
Hacks/Hackers Atlanta,https://www.meetup.com/HacksHackersATL/,https://secure.meetupstatic.com/photos/event/d/8/1/e/600_467455326.jpeg,The worlds of hackers and journalists are coming together as reporting goes digital and Internet companies become media empires.,1473
Atlanta Deep Learning Meetup,https://www.meetup.com/atlanta-deep-learning/,https://secure.meetupstatic.com/photos/event/4/9/d/5/600_459138901.jpeg,"Deep learning is everywhere now. Every time you do a Google search, you are using a trained deep learning model. Google CEO Sundar Pichai recently asserted that if the last decade was about ‘mobile-first’, then the next decade will be about ‘AI-first’. Within the larger artificial intelligence and machine learning domains, ‘deep learning’ is where many of the most significant innovations are occurring - self-driving cars, self-organizing drone swarms, computer vision, conversational interfaces, gene editing, emotion recognition, etc.,",1459
ProductTank Atlanta,https://www.meetup.com/ProductTank-Atlanta/,https://secure.meetupstatic.com/photos/event/7/c/3/f/600_451411807.jpeg,"ProductTank provides an opportunity for Product Managers in Atlanta to exchange ideas and experiences about Product Design, Development and Management, Business Modelling, Metrics, User Experience and all the other things that get us excited.",1440
Docker Atlanta,https://www.meetup.com/Docker-Atlanta/,https://secure.meetupstatic.com/photos/event/5/e/c/e/600_455244270.jpeg,"Learn, Collaborate & Dockerize! Meet other developers and ops engineers in your community that are using and learning about Docker. Docker is an open platform that helps you build, ship and run applications anytime and anywhere. Developers use Docker to modify code and to streamline application development, while operations gain support to quickly and flexibly respond to their changing needs. Docker ensures agility, portability and control for all your distributed apps.",1412
amUX,https://www.meetup.com/amuxatl/,https://secure.meetupstatic.com/photos/event/4/7/b/0/600_447438352.jpeg,Morning Meetings for the UX-Curious,1401
Atlanta Full Stack,https://www.meetup.com/AtlantaFullStack/,https://secure.meetupstatic.com/photos/event/b/6/3/d/600_466006653.jpeg,"We at Manheim have some of the best Atlanta software engineers, SDETs and BAs. To give back to the community we will facilitate discussions about some of the most powerful technologies we use, from languages, frameworks, pipelining and continuous delivery to name a few.",1378
A Brighter Web,https://www.meetup.com/abrighterweb/,https://secure.meetupstatic.com/photos/event/9/b/3/a/600_431739738.jpeg,"A monthly Meetup, typically held three times each month on Thursdays at lunchtime, discussing WordPress from the developer, user and business owner perspectives. We'll spend 20-30 minutes presenting the latest topic and giving you hands-on ideas to incorporate, and the rest of the time will be spent working with each other on the daily topic or any other WordPress or social media issue that you might have.",1313
Atlanta Web Performance Group,https://www.meetup.com/Atlanta-Web-Performance-Group/,https://secure.meetupstatic.com/photos/event/2/7/4/b/600_463390059.jpeg,"ATL Web Performance Meetup is the largest monthly gathering of performance minded developers in Atlanta, hosted at Atlanta Tech Village (http://atlantatechvillage.com/).",1250
AWS Atlanta,https://www.meetup.com/AWS-Atlanta/,https://secure.meetupstatic.com/photos/event/8/3/3/8/600_363573592.jpeg,This group will focus on the use of AWS. Presentations and discussions will cover topics such as:,1237
Atlanta Artificial Intelligence & Deep Learning,https://www.meetup.com/Atlanta-Artificial-Intelligence-Deep-Learning/,https://secure.meetupstatic.com/photos/event/b/e/9/0/600_458208784.jpeg,"Welcome to the group. We’re excited to bring you the latest happenings in AI, Machine Learning, Deep Learning, Data Science and Big Data.",1226
ALE-Atlanta Linux Enthusiasts,https://www.meetup.com/ALE-Atlanta-Linux-Enthusiasts/,https://secure.meetupstatic.com/photos/event/1/7/2/c/600_449165932.jpeg,"The Atlanta Linux Enthusiasts (formerly GA 400 Linux Group) was been started to allow the casual to advanced Linux users to get together and share ideas, knowledge, and face-time with other Linux users. We're focused on helping beginning and returning Linux users learn the basics by establishing a solid foundation. We'll discuss distributions, file systems and storage, installation, databases, networking, and more!",1161
Atlanta User Experience Group,https://www.meetup.com/Atlanta-User-Experience-Group/,https://secure.meetupstatic.com/photos/event/7/7/4/e/600_138690542.jpeg,"The Atlanta User Experience Group (AUX) brings together members of the UX community. From information architects to designers to coders, this group provides a place for UX professionals to meet new people, exchange ideas, learn new things, and have a good experience (pun intended).",1147
ATL Tech Tastings Meetup,https://www.meetup.com/ATL-Tech-Tastings-Meetup/,https://secure.meetupstatic.com/photos/event/8/2/7/d/600_454173405.jpeg,"ATL Tech Tastings focus on intimate networking events for people in and around software development. We focus on events that revolve around tastings and meeting new people in a relaxed environment. If you’re tired of mechanically handing out business cards after sitting through the same rehashed presentation, skip the small talk and enjoy some great drinks with us.",1115
React ATL,https://www.meetup.com/React-ATL/,https://secure.meetupstatic.com/photos/event/d/b/5/1/600_442076145.jpeg,"React ATL is a monthly developer meetup to discuss trends and tools coming out of the ReactJS ecosystem. Subjects can include Flux patterns, Webpack, Jest, Flow, etc. We will also discuss how React is shaping the rest of the javascript world and how we use other tools along side React. Each meeting will start with food, drinks, and socializing before moving into a main talk. Afterwards the floor will be open for Q and A and lightening talks from participants.",1111
Azure in the ATL,https://www.meetup.com/Azure-in-the-ATL/,https://secure.meetupstatic.com/photos/event/d/8/d/6/600_466315510.jpeg,"Cloud computing is already a multi-billion dollar business for Microsoft, and yet Azure is just now hitting its stride. Perhaps you're a long-time MS stack developer wondering ""where do I go from here?"" Maybe you're a seasoned dev manager or director curious how cloud in general and Azure in particular might fit into your next project. If you're looking for the future of Microsoft on the server and in the enterprise... you've found it! This group caters to all things Microsoft Azure and cloud computing. We'll explore a range of topics in three key areas (in likely order of decreasing frequency):",1110
Gwinnett Georgia Microsoft Users Group,https://www.meetup.com/Gwinnett-Microsoft-Users-Group/,https://secure.meetupstatic.com/photos/event/b/e/c/600_455043052.jpeg,"GGMUG is the Gwinnett, Georgia, Microsoft User Group. We are a user group for developers and architects who work with Microsoft technologies like .Net, ASP.Net, SQL Server, Sharepoint, etc.",1099
Marietta WordPress Meetup,https://www.meetup.com/wpatlanta/,https://secure.meetupstatic.com/photos/event/2/d/b/8/600_446831704.jpeg,"We're a group of local WordPress users who get together to share our knowledge and experience, and to meet other WordPress users in the area. This WordPress Meetup is open to all who are eager to learn more about WordPress --- the software, the community, and the business!",1086
The Atlanta Game Developer Meetup Group,https://www.meetup.com/gamedev-150/,https://secure.meetupstatic.com/photos/event/e/2/c/6/600_458578054.jpeg,"A meetup for local game developers to network, share ideas, showcase projects, test out new lectures or anything else that catches our eye. Stay informed about local game development studios, schools, seminars and conferences.",1081
Atlanta Amazon Web Services Community,https://www.meetup.com/Atlanta-Amazon-Web-Services-Community/,https://secure.meetupstatic.com/photos/event/7/9/5/3/600_467491059.jpeg,"A group organized by Amazon Web Services to foster a community around the AWS platform. Each month we will discuss AWS products, architectures and other topics that relate to building, migrating and optimizing cloud applications.",1079
Sensors and Startups,https://www.meetup.com/Sensors-and-Startups/,https://secure.meetupstatic.com/photos/event/1/0/a/4/600_450724260.jpeg,"This group is dedicated to design, engineering, and marketing of technology at the intersection of sensors, tiny computers, data, and the internet – the Internet of Things (IoT). We are talking hardware startups, urban infrastructure, wearables, health monitoring, environmental monitoring, office robots, drones, and more. Let’s cross pollinate experiences and opportunities among DIY’ers, engineers, designers, researchers, and entrepreneurs. Along the way we hit Arduino, Beaglebone, Raspberry Pi, Node.js, Bluetooth, WiFi, 3D Printing, DIY Robotics, Computer Vision, and Smartphones.",1076
Lean Software Atlanta,https://www.meetup.com/Lean-Software-Atlanta/,https://secure.meetupstatic.com/photos/event/2/c/b/0/600_457811440.jpeg,"This is a group for anyone who is interested in the principles, philosophies and methodologies of lean software development. Software Engineers, UX Designers, Product Managers, Data Scientists, QA & DevOps, Product Owners, Business Stakeholders and anyone else interested are invited to join the folks from Pivotal Labs Atlanta to share the day to day practices of what it means to place humans at the center of the lean software creation experience.",1072
Ladies That UX ATL,https://www.meetup.com/Ladies-That-UX-ATL/,https://secure.meetupstatic.com/photos/event/4/4/d/5/600_463217621.jpeg,"Ladies that UX ATL is an informal get together of talented and intelligent women. This isn’t about networking or finding the next great job, although you may find one by speaking to some of the attendees. This isn’t about showcasing your product. This is about building relationships, both professional and personal, with other women in the UX community and finding the support and encouragement you need over snacks and drinks. Join the conversation on twitter! Follow @LadiesThatUXATL!",1060
The Atlanta Drupal User's Group,https://www.meetup.com/drupalatlanta/,https://secure.meetupstatic.com/photos/event/6/8/8/5/600_465566757.jpeg,"The Atlanta Drupal Users Group (ADUG) is a community of designers, developers, site builders, and engineers who work with Drupal to create websites and web applications for educational, commercial, professional, and personal use. This group's primary goal is to help spread the collective knowledge of all things Drupal, as well as educate and train users on the newest technologies and features associated with Drupal to further the experienced Drupaler's understanding.",1055
PonceCityMarketStartupLunch,https://www.meetup.com/PonceCityMarketStartupLunch/,https://secure.meetupstatic.com/photos/event/8/e/8/3/600_445896483.jpeg,Every Thursday meet other startups at Ponce City Market for lunch.,1043
Atlanta Microsoft,https://www.meetup.com/AtlantaMicrosoft/,https://secure.meetupstatic.com/photos/event/8/7/c/b/600_445054763.jpeg,Office hours can be booked at http://www.flatironcity.com/microsoftinnovationcenter .,1008
SplunkATL,https://www.meetup.com/SplunkATL/,https://secure.meetupstatic.com/photos/event/3/e/9/f/600_449176031.jpeg,SplunkATL is a Splunk User Group designed to foster and educate our local community of Splunkers (definition - a person who likes to Splunk).,996
Atlanta Society for Business Intelligence (ASBI),https://www.meetup.com/Atlanta-Society-for-Business-Intelligence-ASBI/,"",• The Atlanta Society for Business Intelligence (ASBI) promotes the education and fosters connections among organizations either currently employing or interested in leveraging business intelligence to impact organizational decision-making,985
GAIT - Greater Atlanta Internet of Things,https://www.meetup.com/Greater-Atlanta-Internet-of-Things/,https://secure.meetupstatic.com/photos/event/c/b/8/6/600_458932102.jpeg,This is a group of members who are interested in the Internet of Things in the Greater Atlanta area.,975
"Big Data (native Hadoop) Ingest & Transform, Atlanta Chapter",https://www.meetup.com/Big-Data-Ingest-Atlanta/,"","Welcome! Big Data Ingesters,",961
Greater Sum - Accelerate your software career,https://www.meetup.com/greater-sum-atlanta/,https://secure.meetupstatic.com/photos/event/d/0/1/1/600_451913265.jpeg,"Are you looking to start a career in software development? We want to share our collaborative, hands-on classroom with learners at all levels, especially beginners with little or no experience. If you've been learning on your own and want to start connecting with the larger community of software learners, this is a great place to start!",947
Atlanta Data Visualization,https://www.meetup.com/Atlanta-Data-Viz/,https://secure.meetupstatic.com/photos/event/5/3/0/4/600_154521252.jpeg,"This is a group for people who genuinely enjoy learning, sharing, creating and designing anything data. It's about telling a story, and how data visualization is becoming more important than ever. So if you're creative, obsessed with data visualization, and love infographics, come join the rest of us!",929
Design and Illustration Meetup,https://www.meetup.com/designersillustrators/,https://secure.meetupstatic.com/photos/event/4/5/c/5/600_437117861.jpeg,"Free meetup for software users of Adobe and popular art, design and development programs.",923
Atlanta Salesforce Developer Group,https://www.meetup.com/Atlanta-Salesforce-Platform-Developer-User-Group/,https://secure.meetupstatic.com/photos/event/5/a/f/8/600_450863288.jpeg,Welcome to the Atlanta Salesforce Platform Developer User Group!!!,916
AtlantaLGBTtech,https://www.meetup.com/AtlantaLGBTtech/,https://secure.meetupstatic.com/photos/event/7/e/7/6/600_435152374.jpeg,"AtlantaLGBTtech was created to put a face on the intersection of the Atlanta's tech startup scene and the vibrant LGBT community. The goal is to showcase the great people and organizations that are actively championing inclusivity in a field that is often perceived as being exclusive. Additionally, a strong focus is on Atlanta—not only its people but also its places.",877
Applied Data Science of Atlanta,https://www.meetup.com/Applied-Data-Science-of-Atlanta/,https://secure.meetupstatic.com/photos/event/a/3/4/c/600_440621804.jpeg,Applied Data Science in Atlanta is a Meetup group to bring together data scientists from varying industry specialization and experience levels can learn from each other. The focus of this meetup is on building dynamic teams from the membership. The meeting is designated to pairing up projects or data challenges with interested participants. Members can submit problems they wish to solve from data they have. 1 to 3 can give a brief presentation during each meeting. There would be open discussion. Beginners will be able to get hands on experience working on projects. Experts can get exposure to data problems in different industries with access the data to work on them.,865
Atlanta Developers - ADEV,https://www.meetup.com/atlantadev/,"","Total immersion in all things Opensource....Java, C++, and Web. Monthly meetings to network with fellow developers passionate about Opensource technology. Guest Speakers and Panels, Networking, Giveaways/Prizes...and in the true nature of Opensource, this Meetup is what YOU make it!",845
Code + Design Atlanta,https://www.meetup.com/Code-Design-Atlanta/,https://secure.meetupstatic.com/photos/event/2/8/2/e/600_451870286.jpeg,HI ATL!!!!,835
OWASP Atlanta,https://www.meetup.com/OWASP-Atlanta/,https://secure.meetupstatic.com/photos/event/1/4/3/4/600_160985172.jpeg,"Atlanta based group for the global Open Web Application Security Project focused on discussing, presenting, and addressing the worlds current web based threats affecting traditional and non-traditional web environments and related threats.",833
General Assembly,https://www.meetup.com/generalassemblyatl/,https://secure.meetupstatic.com/photos/event/c/6/8/3/600_451910819.jpeg,"This group is for anyone interested in tech, business, or design. At General Assembly, we are creating a global community of individuals empowered to pursue work they love, by offering full-time immersive programs, long-form courses, and classes and workshops on the most relevant skills of the 21st century – from web development and user experience design, to business fundamentals, to data science, to product management and digital marketing.",832
TRC Professional Solutions Classes,https://www.meetup.com/TRC-Professional-Tech/,https://secure.meetupstatic.com/photos/event/2/d/7/e/600_446291646.jpeg,"This meetup is actually a class that will allow anyone the ability to learn HTML, CSS, MySQL, PHP, and programming methodologies. The class is run by our Recruiting Team Lead, Zach Sines, and has four different flavors: Beginner, Intermediate, Advanced, and Workshops.",817
Atlanta Tech Meetup,https://www.meetup.com/Atlanta-Tech-Meetup/,https://secure.meetupstatic.com/photos/event/4/f/1/d/600_458600253.jpeg,"The Atlanta Tech Meetup supports the vibrant and growing Atlanta tech community. Our goal is to help build a sustainable technology industry that drives innovation, economic growth, and creates positive change for our local communities and the world. We bring the innovation community together - technologists, entrepreneurs, academia, investors, service providers, and thought leaders - to learn and share. Each monthly meeting features speakers, technology demos, new company presentations, a tremendous amount of high-value networking.",788
Product Hunt – Atlanta,https://www.meetup.com/Product-Hunt-Atlanta/,https://secure.meetupstatic.com/photos/event/6/6/6/4/600_463946212.jpeg,Fan of Product Hunt? Are you an entrepreneur? A software developer? A graphic designer? Do you just like keeping abreast of all of the cool new products and services on the web?,782
Atlanta Cloud Foundry Meetup,https://www.meetup.com/AtlantaCloudFoundry/,https://secure.meetupstatic.com/photos/event/8/e/4/0/600_450696416.jpeg,This is a meetup for anyone interested in Cloud Foundry and its ecosystem.,776
Atlanta OpenStack Meetup Group,https://www.meetup.com/openstack-atlanta/,https://secure.meetupstatic.com/photos/event/a/1/0/c/600_439841228.jpeg,This is the Atlanta OpenStack developer Meetup. We are a group of free software developers who are passionate about working together to help make the Openstack project a success!,774
Learn to Blog Meetup with DryerBuzz,https://www.meetup.com/LearntoBlogMeetup/,https://secure.meetupstatic.com/photos/event/2/0/3/5/600_450848245.jpeg,"Learn to blog monthly meetup with Atlanta super blogger DryerBuzz of DryerBuzz.com and friends. Learn art of story telling, business blogging, video and use of tools to create buzz and become household name. Enjoy Saturday morning inside the blogosphere. Learn to broadcast business or personal branding message with tools of the trade and turn followers into customers.",759
Society of Lady Makers Atlanta,https://www.meetup.com/Society-of-Lady-Makers-Atlanta/,https://secure.meetupstatic.com/photos/event/c/f/1/6/600_447233014.jpeg,"We're a social group for women who make things. From bloggers, to seamstresses, to designers, to developers, to welders and DIYers. We welcome any women who consider themselves makers, as well as the people who support them.",757
Atlanta R Users Group,https://www.meetup.com/R-Users-Atlanta/,https://secure.meetupstatic.com/photos/event/3/a/4/600_453900932.jpeg,"R is an open source programming language for statistical computing, data analysis, and graphical visualization. While most commonly used within academia, in fields such as computational biology and applied statistics, it is rapidly gaining currency in commercial areas such as quantitative finance and business intelligence.",754
Atlanta Mobile Marketing Organization (AMMO),https://www.meetup.com/AtlantaMobileMarketing/,https://secure.meetupstatic.com/photos/event/3/4/d/2/600_318673522.jpeg,"The Atlanta Mobile Marketing Organization (AMMO) is a group devoted to exploring the emerging technologies and services that will be required of organizations looking to capitalize on this unique marketing tool. We will seek to educate marketers, technologists and business owners on best practices as they relate to mobile marketing initiatives. Our goal is to create a community based on sharing knowledge and experiences from multiple disciplines.",751
Scaling Agile Atlanta,https://www.meetup.com/Scaling-Agile-Atlanta/,https://secure.meetupstatic.com/photos/event/a/b/8/8/600_449863912.jpeg,"This scaling agile start-up group was created to provide a place to get together so that we can all learn and collaborate about a variety of methods for implementing lean|agile methods in large enterprises--including but not limited to: Kanban, SAFe (Scaled Agile Framework), DaD (Disciplined agile Delivery), Lean Start-up methodologies, as well as related Agile Methodologies and practices such as XP and FDD (Feature Driven Development).",750
The North Atlanta iOS Developers Group,https://www.meetup.com/North-Atlanta-iOS-Developers-Group/,https://secure.meetupstatic.com/photos/event/2/4/2/2/600_21789250.jpeg,"The purpose of this group is to discuss all aspects of iPhone / iPad (iOS) development. All levels of developers are welcome, from developers just starting out to experienced developers (with several applications on Apple's AppStore).",749
BDPA ATLANTA,https://www.meetup.com/BDPA-ATLANTA/,https://secure.meetupstatic.com/photos/event/1/0/8/600_444480264.jpeg,"We are a minority Technology organization dedicated to developing career-minded professionals through networking and education to become leaders and innovators in the technology industry! WE ARE DEDICATED TO S.T.E.A.M. (Science, Technology, Engineering, Arts, & Math). Join us in the STEAM 5000+ Initiative!",740
Atlanta Apache Spark User Group,https://www.meetup.com/Atlanta-Apache-Spark-User-Group/,https://secure.meetupstatic.com/photos/event/c/c/2/3/600_456112259.jpeg,"This is a group for users, enthusiasts, and explorers of Apache Spark from beginners to experts and everyone in between. Apache Spark is an open source big data processing framework that's easy to use, lightning fast, and provides analytics capabilities for solving complex problems. The libraries included with this framework enable SQL, data frames, machine learning, graph database and streaming capabilities to be combined within the same application. Come join this group regardless of your technical level or location!",738
Atlanta Spring User Group,https://www.meetup.com/AtlantaSpring/,https://secure.meetupstatic.com/photos/event/a/3/2/c/600_466181772.jpeg,ASUG is the first user group created to support the growing Spring community in the Atlanta area.,729
The Atlanta Scala Meetup Group,https://www.meetup.com/atlanta-scala/,https://secure.meetupstatic.com/photos/event/3/8/c/0/600_433154528.jpeg,"The Atlanta Scala Meetup Group aims to be a place where Scala programmers and others interested in the Scala language can meet together to share tips, techniques, news, and discuss all things related to Scala.",729
Atlanta Internet Marketing,https://www.meetup.com/Atlanta-Internet-Marketing/,https://secure.meetupstatic.com/photos/event/5/7/b/e/600_411082462.jpeg,Alanta Internet Marketing - Group Description,722
Unity 3D Atlanta User Group,https://www.meetup.com/Atlanta-Unity-3D-Developers-Meetup/,https://secure.meetupstatic.com/photos/event/a/0/8/9/600_460181097.jpeg,About the Group,720
Go User Group Atlanta,https://www.meetup.com/Go-Users-Group-Atlanta/,https://secure.meetupstatic.com/photos/event/3/0/0/7/600_447912295.jpeg,Go Users Group Atlanta is a meeting place for people interested in developing and promoting the local Go development community.,718
Georgia Startup: Idea to IPO,https://www.meetup.com/Georgia-Idea-to-IPO/,https://secure.meetupstatic.com/photos/event/b/c/5/d/600_461268221.jpeg,Entrepreneurship permeates the culture of Silicon Valley - the innovation capital of the world.,708
Metro Atlanta Bloggers,https://www.meetup.com/MetroAtlantaBloggers/,https://secure.meetupstatic.com/photos/event/7/1/9/d/600_433349085.jpeg,We are currently updating our purpose for this group and who should join. Please stay tuned.,699
Agile Atlanta,https://www.meetup.com/Agile-Atlanta/,https://secure.meetupstatic.com/photos/event/a/8/2/a/600_465643050.jpeg,"This group is for people that are interested in both ""Doing Agile"" and ""Being Agile"".",694
Atlanta MongoDB User Group,https://www.meetup.com/Atlanta-MongoDB-User-Group/,https://secure.meetupstatic.com/photos/event/4/e/d/0/600_448880176.jpeg,"This group is a place for developers to learn more about MongoDB, an open source, document-oriented, nosql database. If you are facing challenges with MySQL or Postgres or Oracle and want to explore a more flexible, scalable alternative, please join us at one of our monthly sessions.",678
Atlanta Microsoft Business Intelligence Users,https://www.meetup.com/Atlanta-Microsoft-Business-Intelligence-Users/,https://secure.meetupstatic.com/photos/event/b/a/9/f/600_450347775.jpeg,"Meet other local Business Intelligence (BI) fans and experts to discuss the Microsoft BI Platform (mostly SQL Server (http://www.microsoft.com/en-us/sqlserver/default.aspx) and Power BI (https://powerbi.microsoft.com/), but also SharePoint (https://products.office.com/en-us/SharePoint/collaboration) and Office (https://products.office.com/en-us/home)). Unless otherwise announced, we usually meet on the last Monday of every month (unless there is a holiday conflict). Our attendance is often between 50 and 75 professionals.",677
Atlanta Analytics Meetup,https://www.meetup.com/Atlanta-Analytics-Meetup/,https://secure.meetupstatic.com/photos/event/4/3/e/6/600_216257382.jpeg,This is a group for anyone interested in meeting others in the digital measurement space to share knowledge and experiences.,675
AMDEV - Atlanta Microsoft Developers,https://www.meetup.com/AMDEV-Atlanta-Microsoft-Developers/,"",Are you looking for a Microsoft related networking group that meets monthly inside the perimeter? Veredus is sponsoring and hosting a monthly user group in Buckhead that focuses on Microsoft technologies. The group will meet on the 2nd Tuesday of each month.,666
Tyrannosaurus Tech - Atlanta,https://www.meetup.com/Tyrannosaurus-Tech-Atlanta/,https://secure.meetupstatic.com/photos/event/6/3/8/b/600_457645483.jpeg,"Calling all tech enthusiasts and dreamers! This group is for anyone interested in technology, innovation, startups, web development, mobile development, web design, and general networking opportunities surrounding these and other topics. Tyrannosaurus Tech (http://www.tyrannosaurustech.com/) is a boutique software development firm located in Atlanta, GA. We're a group of geeks and love what we do so, this group is simply a means for us to meet other interesting folks in the area and share insights on trends and topics that excite us. Come join us for a casual get together soon!",661
Internet Marketers of Georgia = IMOG,https://www.meetup.com/internetmarketersofgeorgia/,"","If you are in the Atlanta area, and want to learn from great internet marketing experts, this is place to get together with other internet marketers and people wanting to learn the in's and out's of the Internet Marketing. We'll discuss...",660
Geekspace Gwinnett,https://www.meetup.com/Geekspace-Gwinnett/,https://secure.meetupstatic.com/photos/event/6/b/e/3/600_450807619.jpeg,"We are a makerspace in Gwinnett County, Georgia.",656
eXcelerate SQL Basics,https://www.meetup.com/SQL-Basics/,https://secure.meetupstatic.com/photos/event/8/2/5/5/600_466953365.jpeg,This is a group for anyone interested in learning all things SQL from start to finish.,654
Social Media Marketing For Business,https://www.meetup.com/Social-Media-For-Business-1/,https://secure.meetupstatic.com/photos/event/9/8/a/5/600_456159077.jpeg,"This group consists of Business Owners, Entrepreneurs, and Bloggers that want to take the mystery out of Social Media Marketing strategies that work for business! This Group is also connected with Social Media For Business Atlanta so there's no need to join both groups.",636
Learn to Code Atlanta,https://www.meetup.com/Learn-to-Code-Atlanta/,https://secure.meetupstatic.com/photos/event/6/c/5/4/600_463947732.jpeg,"Have you ever thought about learning to code but weren't sure how to get started? Let's meet and explore the fundamentals of programming, including how to write code as well as how to develop an attitude that will enable us to quickly learn new technologies. Each meetup will be led by an expert who will guide us in a new skill or concept, and help us get started with programming, whether as a career or as a hobby. Here are some example workshops: • HTML / CSS Workshop: Let's build a website • Web Dev 101 Workshop • Intro to Javascript • Intro to Angular JS We will also host some intermediate to advanced workshops. All levels are welcome to attend :)",630
CoderDojo McDonough,https://www.meetup.com/CoderDojoMcDonough/,"",Tentative dates for coding sessions:,629
Atlanta Software Craftsmanship,https://www.meetup.com/atlanta-software-craftsmanship/,https://secure.meetupstatic.com/photos/event/6/0/c/e/600_119904782.jpeg,Atlanta Software Craftsmanship is a group of software professionals based in the Atlanta area. We are interested in advancing our craft and improving our own skills.,629
Latinos in Tech Atlanta (LiT ATL),https://www.meetup.com/lit_atlanta/,https://secure.meetupstatic.com/photos/event/e/0/1/5/600_455277365.jpeg,"We're a group of individuals interested in developing, promoting, fostering, strengthening, and improving the Latino/a tech community in Atlanta. Come hang out, grab a beer, and meet other latinos who love tech and startups.",628
Atlanta Quality Assurance Association (AQAA) Meetup,https://www.meetup.com/Atlanta-Quality-Assurance-Association-AQAA-Meetup/,https://secure.meetupstatic.com/photos/event/2/6/d/4/600_467469940.jpeg,"If you are interested in Software Development and a focus on delivering Quality products - come join others with that same goal. Learn from others through interaction with others and dynamic speakers exchange of information about Quality Assurance, Software Testing, and latest trends in our industry. Get help from others if you are wanting to get into the industry or if you are looking for a job.",623
"Cloud, Big Data, and Data Science Group of Atlanta",https://www.meetup.com/Cloud-Big-Data-and-Data-Science-Group-of-Atlanta/,https://secure.meetupstatic.com/photos/event/7/b/2/f/600_435751535.jpeg,"This is a group for anyone interested in Cloud, Big Data, Data Science, Google Cloud, Amazon Web Services, OpenStack, Spark, Hadoop, Pig Latin, Hive, Docker, Machine Learning, Salt, etc. All skills levels are welcome. We started this group to share knowledge and to meet other Cloud, Big Data and Data Science enthusiasts. Looking forward to meeting you. We would like to thank Rackspace Inc. for graciously providing the meetup space.",623
ADP® Atlanta Data Science Meetup,https://www.meetup.com/ADP-Atlanta-Data-Science-Meetup/,https://secure.meetupstatic.com/photos/event/1/a/e/3/600_442026883.jpeg,The ADP® Data Science Lab is located in Tech Square. This meetup is for undergraduate and graduate students who are interested in a career in data science.,622
Black Men Code,https://www.meetup.com/Black-Men-Code/,https://secure.meetupstatic.com/photos/event/7/e/c/6/600_451352454.jpeg,"Black Men Code is a non-profit organization with the mission to provide free and low-cost computer science education to underrepresented males. We seek to serve underrepresented males in grades 6-12, undergraduates and professionals. Please join if you are interested in either full-time Summer or after-school courses for your Middle School student, weekend programming courses for adults, tutoring referrals for Middle School, High School and Adult education, events to support access to jobs in software development and IT and networking for entrepreneurship.",621
Podcast Atlanta,https://www.meetup.com/Podcast-Atlanta/,https://secure.meetupstatic.com/photos/event/f/5/f/600_465843935.jpeg,"The mission of Podcast Atlanta is to provide monthly venues for experienced, new or aspiring podcasters. We meet to discuss all the topics related to podcasting. Plus, it gives us all a chance to get to know and support one another while we learn and grow our shows. Everyone from hobby podcasters to full-time professionals are welcome to join Podcast Atlanta for free.",616
Alpharetta -Agile User Group,https://www.meetup.com/Alpharetta-Agile-User-Group/,https://secure.meetupstatic.com/photos/event/3/d/e/6/600_455475846.jpeg,"For the people who want to know more about Agile, want to learn how to do it better, want to find resources and chat about it!",606
The Maker Station,https://www.meetup.com/The-Maker-Station/,https://secure.meetupstatic.com/photos/event/c/e/4/3/600_450892803.jpeg,https://a248.e.akamai.net/secure.meetupstatic.com/photos/event/8/7/7/a/600_385534682.jpeg,586
Atlanta Internet Video Marketing Association Meeting,https://www.meetup.com/ATIVMA/,https://secure.meetupstatic.com/photos/event/7/0/4/a/600_431668746.jpeg,"The Atlanta Internet Video Marketing Association is designed to keep its members up to date on all the latest techniques for video search engine optimization and generally improve the marketing capability of video on the internet. It is especially useful for video production companies, internet developers and marketers. It's a great place for those representatives to network and collaborate.",583
ALT.NET Atlanta Pragmatic Programmers,https://www.meetup.com/AtlAltDotNet/,https://secure.meetupstatic.com/photos/event/a/7/3/e/600_4902814.jpeg,"Meet Atlantans interested to learn pragmatic ways for developing and delivering .NET based software. See http://ATLALT.NET/screwturn to learn more about this brand new group and our goals. Based on the ALT.NET approach, we are Passionate, Pragmatic, and Progressive. From http://altnetpedia.com : ""We are a group of .NET developers who are passionate about improving the way we develop software. We recognize there is no single solution, but instead there are multitudes of alternatives that can be applied to different situations. Our community is a place for sharing these alternatives, so that together we can learn, teach, and encourage new ideas. - You're a developer who uses what works while keeping an eye out for a better way. - You reach outside the mainstream to adopt the best of any community: Open Source, Agile, Java, Ruby, etc. - You're not content with the status quo. Things can always be better expressed, more elegant and simple, more mutable, higher quality, etc. - You know tools are great, but they only take you so far. It's the principles and knowledge that really matter. The best tools are those that embed the knowledge and encourage the principles.""",572
Georgia Oracle Users Group Meetup (GaOUG),https://www.meetup.com/Georgia-Oracle-User-Group-GaOUG/,https://secure.meetupstatic.com/photos/event/9/f/d/0/600_454780912.jpeg,"GaOUG now has a Meetup Group! If you are an Oracle professional, user, or enthusiast in Georgia, consider joining our Meetup Group. GaOUG is a professional Oracle User Group headquartered in Atlanta, Ga. The user group was established over 20 years ago with the purpose of bringing together Oracle Professionals for the purpose learning and networking.",559
Rails Girls Atlanta,https://www.meetup.com/Rails-Girls-Atlanta/,https://secure.meetupstatic.com/photos/event/6/7/f/f/600_450386623.jpeg,A meetup for women* of all skill levels in the Atlanta area wanting to improve their software development knowledge using Ruby on Rails. Beginner and seasoned pro friendly.,557
Atlanta Cyber Security for Control Systems,https://www.meetup.com/Atlanta-Cyber-Security-for-Control-Systems/,https://secure.meetupstatic.com/photos/event/6/9/b/8/600_437967064.jpeg,"This is a group for professionals involved in Cyber Security for Automated Processes and Control Systems including security for Operating Technology (OT), Industrial Control Systems (ICS), SCADA Systems, Transportation Systems, Building Control Systems (BCS), and even emerging Internet of Things (IoT) systems.",550
Atlanta Mobile App Business Meetup,https://www.meetup.com/Atlanta-Mobile-App-Business-Meetup/,"","This meetup is all about apps and business. Put those two together, you have this meetup. Still not sure? You will meet others who are working in the mobile app business. You will learn how businesses around the city are using mobile apps in their operations. You'll meet mobile developers, marketers and entrepreneurs who are excited about the future of mobile applications. Not yet in the mobile app business? Come anyway, get involved. We'll discuss: app marketing trends in mobile usage things that work things that don't monetization user acquisition how to build engaging user experiences on mobile (touch driven experiences) We'll highlight our members apps and help them find traction. We'll help non-technical people find apps that work in their business. We'll share interesting apps with one another. This is a business focused mobile app networking group. It will be a success if we can help Atlanta continue it's trend towards being a mobile hub of innovation and business success. It is NOT a developer meetup. Our topics will lean heavily towards marketing, business and user experience.",541
Kubernetes Atlanta Meetup,https://www.meetup.com/Kubernetes-Atlanta-Meetup/,https://secure.meetupstatic.com/photos/event/7/b/6/0/600_458971584.jpeg,"Meet other developers and users of Kubernetes. Kubernetes is an open source orchestration system for Docker containers. It handles scheduling onto nodes in a compute cluster and actively manages workloads to ensure that their state matches the users declared intentions. Kubernetes can run almost anywhere, including Google Compute Engine, Vagrant, CoreOS, Azure, vSphere, RackSpace, etc. Learn more about Kubernetes at http://kubernetes.io",540
AlphaRetta Ventures & Incubator,https://www.meetup.com/AlphaRetta-Ventures-Incubator/,https://secure.meetupstatic.com/photos/event/a/f/3/c/600_439844860.jpeg,"Alpharetta GA is home to many Fortune 100 and 500 companies. From the likes of AT&T, HP, ADP McKesson, Siemens, Verizon, and many more. The Alpharetta High-Tech corridor spans from Mansell Rd to Windward Pkwy and is lined with high speed fiber optics cables throughout the city. I do attend several Meetup's in Atlanta and find it difficult to attend these events after hours. I have this burning desire to not only participate in a startups, but to have Alpharetta eventually competing with Silicon Valley. I am sure there are many others who would gamble their free time to be part of something more exciting and possibly more rewarding. Our meeting will basically look at ideas, resources and funding to produce winners. I have more than enough ideas to get this started and will be happy to bring others on board to make this venture a success.",521
Alpharetta Artists and Techies,https://www.meetup.com/Alpharetta-Artists-and-Techies/,https://secure.meetupstatic.com/photos/event/3/4/9/6/600_451393462.jpeg,"Though many see art and technology as somewhat at odds, the fact is that they have long existed and developed collaboratively. Leonardo da Vinci, Su Song, and Jung's Artist-Scientist archetype each demonstrate the power that can be obtained by combining the two disciplines. Alpharetta hosts over 600 technology companies and numerous art communities and guilds, yet there is infrequent crossover between the two. This group is intended to be an active bridge between both communities thru demonstrations, lectures, and activities. Each meeting will feature one speaker from the arts community, and a one speaker from the technology community. Please join us as we explore how to combine the tremendous talent available in this city and surrounding areas.",512
Code Career Academy Meetups - Gwinnett,https://www.meetup.com/Code-Career-Academy-Meetups-Gwinnett/,https://secure.meetupstatic.com/photos/event/3/7/6/f/600_459374191.jpeg,Code Career Academy is the place for both learning how to start your career in software development as well as accelerating your existing career by staying current on the latest technologies and trends. We host frequent MeetUps for free on a wide variety of technical and career related topics.,509
Big Bang Data Science & Analytics Solutions - Georgia,https://www.meetup.com/big-bang-Data-science-Solutions/,https://secure.meetupstatic.com/photos/event/c/e/4/0/600_467032800.jpeg,Welcome to Big Bang Data Science Solutions Inc,505
"Projects for Developers, CS Majors, and UX Designers",https://www.meetup.com/Projects-for-Developers-CS-Majors-and-UX-Designers/,https://secure.meetupstatic.com/photos/event/d/0/5/7/600_462533335.jpeg,"You've learned a lot. You have learned to develop and do some programming. Whether its for back end, front end, or anything else, you've gained a skill that involves a lifetime of learning.",504
CodeNewbie Atlanta,https://www.meetup.com/CodeNewbie-Atlanta/,https://secure.meetupstatic.com/photos/event/3/9/5/8/600_451574680.jpeg,"If you're learning to code and are looking for a friendly group in the Atlanta area to code with, join CodeNewbie Atlanta! Learning to code is much easier when you do it with others :)",502
IoT-Fintech-Blockchain-SmartCity (MobileMonday Atlanta),https://www.meetup.com/IoT-Fintech-BlockChain_MobileMondayATL/,https://secure.meetupstatic.com/photos/event/1/d/5/8/600_338887512.jpeg,MobileMonday is the worlds largest and fastest growing Mobile/Wireless & Advanced Technology Non-Profit.,501
Atlanta Intelligent Devices,https://www.meetup.com/atlantaIntelligentDevices/,https://secure.meetupstatic.com/photos/event/9/3/f/f/600_466837887.jpeg,"Intelligent Devices are shaping different industries such as automotive, healthcare, agriculture, etc. Come join the fun and interact with innovative people just like you. Let's take the potential of Intelligent Devices beyond the imagination.",497
Graph Database - Atlanta,https://www.meetup.com/Graph-Database-Atlanta/,https://secure.meetupstatic.com/photos/event/b/f/7/4/600_197869012.jpeg,"Developers interested in learning about and working with graph databases for social, spatial, hierarchical or other highly connected data sets. We host hands-on lab sessions, technology reviews, topical lectures, and plenty of social beer nights. Curious about graphs, want to pimp your non-RDBMS skills? Join us!",495
Atlanta WordPress Engineers,https://www.meetup.com/atlanta-wordpress-engineers/,https://secure.meetupstatic.com/photos/event/b/d/d/600_443583037.jpeg,Is this meetup for you?,484
Quality People ATL Professional Networking Meetup,https://www.meetup.com/Quality-People-ATL-Professional-Networking-Meetup/,https://secure.meetupstatic.com/photos/event/8/8/6/b/600_458374923.jpeg,"Quality People ATL (QPAtl) represents a gathering of current and aspiring Quality and Process Improvement practitioners, from all industries and diverse backgrounds",483
Analytics.Club Atlanta,https://www.meetup.com/AC-ATL/,https://secure.meetupstatic.com/photos/event/9/5/b/9/600_431798329.jpeg,"Analytics.CLUB (http://analytics.club/) is world’s largest volunteer led data analytics community. We are all motivated and tasked to create a friendly, information sharing community for local talent pool. We also support our strong offline community with online tools to improve engagement and create deep networks so we all could learn from each other. Professionals (from Fortune 100 Chief Analytics Officers to Leading Business Analysts), join #AnalyticsCLUB to help build a strong and vibrant data analytics community. You are welcome too!",480
Joomla! User Group Atlanta,https://www.meetup.com/atlantajoomla/,https://secure.meetupstatic.com/photos/event/9/a/e/e/600_374019662.jpeg,Meet others in your local area who want to build websites with Joomla!,476
Startup ATL,https://www.meetup.com/startupatl/,https://secure.meetupstatic.com/photos/event/b/b/e/b/600_448608107.jpeg,Atlanta is thriving with startups and innovative entrepreneurs. Come join the fun and meet like-minded innovators and shakers in local tech startups. Talking with fellow founders will leave you with a sense of direction. We also host Atlanta's favorite Pitch Battles. Where can you find us of each month?,472
Technology Association of Georgia,https://www.meetup.com/Technology-Association-of-Georgia/,"","It's a new world for tech, and the Technology Association of Georgia (TAG) has emerged as a world-class membership organization and an engine for economic development for the state of Georgia. TAG's mission is to educate, promote, influence and unite Georgia's technology community to foster an innovative and connected marketplace that stimulates and enhances Georgia's tech-based economy.",463
WordPress Gwinnett,https://www.meetup.com/WordPress-Gwinnett/,https://secure.meetupstatic.com/photos/event/4/f/6/2/600_101660322.jpeg,Tired of everyone saying how easy WordPress is when you still struggle with basic things?,459
Internet of Things Atlanta,https://www.meetup.com/IoTAtlanta/,https://secure.meetupstatic.com/photos/event/1/3/8/3/600_446284995.jpeg,"A group for technology professionals and students interested in the irreversible trends (e.g. Mobility, Big/Fast Data and Cloud Computing), leading towards the Internet of Things. The idea is to facilitate discussions, knowledge sharing, networking and collaboration opportunities around the digital/analog technologies and the information ecosystems, that will help evolve the Internet of Things.",459
Tech400 Meetup,https://www.meetup.com/Tech400-Meetup/,https://secure.meetupstatic.com/photos/event/3/8/3/2/600_463754386.jpeg,"Tech400 is for technology-minded individuals who desire to stay informed regarding the ever-changing tech industry in Atlanta. Our focus is specifically North Fulton where over 900 technology companies are located along the GA400 corridor. Highlighted events will include IoT, Cyber Security, Innovation, and FinTech.",458
Software Craftsmanship Atlanta,https://www.meetup.com/Software-Craftsmanship-Atlanta/,https://secure.meetupstatic.com/photos/event/3/8/a/0/600_449954496.jpeg,"A group of programmers that are passionate about our craft. We have a different format from your usual technology user group. Here is our format: 0-3 Lightning talks (capped at 5 minutes each) - Anybody can have 5 minutes to talk about whatever topic they feel will be of interest to the group. You will be buzzed off at 5 minutes. ~30 min - Reading Discussion (usually a chapter or two from a book) ~60 min - Coding Exercise (we've done guided katas, randori, open coding of a problem, experiences... really anything as long as everyone is coding)",448
Alpharetta Rails Coders,https://www.meetup.com/Alpharetta-Rails-Coders/,https://secure.meetupstatic.com/photos/event/a/2/d/3/600_448181683.jpeg,"As with all Frameworks, everything works in the demo and tutorial. Now you need to get the framework to do what you want it to do. We can help you overcome any Rails problem, from newbie to experienced developer, we can help. Don't know what Rails is and just want to learn, no problem, we can help you get your feet wet.",442
"Atlanta MEAN (Mongo, Express, Angular, Node) Developers",https://www.meetup.com/meansters/,https://secure.meetupstatic.com/photos/event/e/7/8/b/600_453539275.jpeg,http://photos3.meetupstatic.com/photos/event/6/7/d/0/600_451826576.jpeg,431
Atlanta IBM Cloud & Watson Meetup,https://www.meetup.com/Atlanta-IBM-Bluemix-Meetup/,https://secure.meetupstatic.com/photos/event/5/2/a/1/600_455661153.jpeg,"IBM Cloud Platform as a Service (PaaS) developed by IBM. It supports several programming languages, provides access to Watson cognitive API, provisions numerous persistence services as well as integrated DevOps to build, run, deploy and manage applications on the cloud. Bluemix™ is based on Cloud Foundry open technology. This group serves to help new developers and system operators understand the IBM Cloud and exchange ideas on how to best implement these services. [Not Affiliated with IBM].",427
Ionic Atlanta,https://www.meetup.com/Atlanta-Ionic-Developers/,https://secure.meetupstatic.com/photos/event/5/2/9/c/600_435381148.jpeg,"This is a meetup group for Ionic Mobile application development, specifically with the Ionic Framework ( http://ionicframework.com ). We will discuss and present on Ionic, Cordova, Phonegap, Hybrid Development, and more! More information to come soon!",423
Atlanta Mixed Reality Meetup,https://www.meetup.com/Atlanta-Mixed-Reality-Meetup/,https://secure.meetupstatic.com/photos/event/d/e/9/a/600_435896986.jpeg,VR | AR | MR | 3D | 360º Photos | 360º Videos | Oculus Rift | Samsung Gear VR | HTC Vive | PlayStation VR | The Future Arrives Shortly | Got an event that you would like promoted by the Atlanta Mixed Reality Meetup? Please email: DanSmigrod@WeGetAroundNetwork.com | The Guide to 69 360º 1-Click Cameras (https://www.we-get-around.com/buy-360-3d-vr-photo-video-1-click-camera/) curated by We Get Around Atlanta,423
Anidata,https://www.meetup.com/Anidata/,https://secure.meetupstatic.com/photos/event/6/a/8/5/600_459747269.jpeg,Anidata is a non-profit corporation consisting of established and aspiring data scientists who have come together with the purpose of applying data science to make a difference in the community.,422
"Next Gen Native Hadoop Big Data Apex Users Group, Atlanta",https://www.meetup.com/Apex-Users-Group-Atlanta/,https://secure.meetupstatic.com/photos/event/c/2/f/0/600_448669904.jpeg,Welcome BigFoots!,422
Content Strategy Atlanta,https://www.meetup.com/Atlanta-Content-Strategy/,https://secure.meetupstatic.com/photos/event/b/f/6/0/600_306288992.jpeg,"This group is for anyone who cares about content — content strategists, writers, editors, content managers, communicators, information architects, product managers, user experience designers, marketers, publishers, and more.",421
"Drone Racing Club™ (DRC) Atlanta, GA",https://www.meetup.com/Drone-Racing-Club-DRC/,https://secure.meetupstatic.com/photos/event/3/8/b/4/600_451874516.jpeg,"It is all about racing your drone for fun! Do you love the idea of POD racing in real life without the risk (i.e. Star Wars Episode I)? Are looking for a hobby that is exhilarating and fun beyond words? Do you own a drone? Are you curious about drones or a seasoned multi-rotor enthusiast? Are you a hacker or maker? If you answered yes to any one of those questions then you are likely a good candidate for this group. I am looking for like minded individuals to get together routinely to talk drone tech, discuss, build and plan monthly drone races throughout the Greater Metro Atlanta Area. Lets organize, build and GET RACING!",420
Future of Data: Atlanta,https://www.meetup.com/futureofdata-atlanta/,https://secure.meetupstatic.com/photos/event/9/f/1/2/600_467020722.jpeg,"This meetup is focused on the Future of Data and the open community data projects governed by the Apache Software Foundation. Geared towards developers, data scientists and ALL Data enthusiasts who are building modern data applications. Our meetups cover all data -- data-in-motion and data-at-rest. Meetups provide an opportunity to listen, share and work hands on with other technologists in the open source and open community Apache tools.",418
22TechPark,https://www.meetup.com/22TechPark/,https://secure.meetupstatic.com/photos/event/6/c/7/2/600_440547762.jpeg,"22TechPark offers events to help technology entrepreneurs in the Greater Atlanta Area through our incubator. The goal of 22TechPark Meetups are to give IT startups the chance to practice pitching their companies and through this provide an environment that is conducive to teamwork, sharing, flexibility and execution. From a single person pod to a growing team, every type of startup is welcome to join 22TechPark's community of driven IT entrepreneurs. Take the first step towards developing your startup and flourishing within our community of IT professionals and attend any one of our events!",418
The Atlanta SEO Meetup Group,https://www.meetup.com/atlantaseo/,https://secure.meetupstatic.com/photos/event/9/5/6/5/600_9998245.jpeg,"Atlanta SEO is for WEBSITE STAKEHOLDERS, i.e. people responsible for SEO on their employers and/or their own named websites. More specifically, Atlanta SEO is for Marketing Professionals, Business Owners, and Technical Professionals who want to learn more both from presenters and peers about Search Engine Optimization (SEO) techniques for the websites they own or manage. The goal is to gather and share advice on better ways to work with search engines. Learn more about Atlanta SEO at http://www.meetup.com/atlantaseo/about/",417
Atlanta Informatica User Group,https://www.meetup.com/Atlanta-Informatica-User-Group/,https://secure.meetupstatic.com/photos/event/2/4/0/b/600_454449227.jpeg,"Welcome to the Atlanta Area Informatica User Group. The goal of this group is to get together to learn, share, and collaborate with others that are working with-- or want to work with--the Informatica products. The members of the group will help to decide on topics for future meetings, present their experiences, and learn from each other.",414
Alpharetta AI (Artificial Intelligence) Meetup,https://www.meetup.com/Alpharetta-AI-Artificial-Intelligence-Meetup/,https://secure.meetupstatic.com/photos/event/5/4/7/9/600_447201625.jpeg,"This is a group to discuss and share latest developments in Artificial Intelligence including machine learning, computer vision, cognitive systems, genetic algorithms, neural networks, social robotics, etc. We'll also show tangible things like code, tools, platforms, APIs, SDKs, and robots. Join us!",414
Amazon Sellers of Atlanta,https://www.meetup.com/Amazon-Sellers-of-Atlanta/,https://secure.meetupstatic.com/photos/event/b/7/3/6/600_461026902.jpeg,This is a group for individuals interested in networking with others who sell on Amazon. Members of the group sell (or are intersted in selling) using various business models including:,412
Atlanta Windows Apps,https://www.meetup.com/Atlanta-Windows-Apps/,https://secure.meetupstatic.com/photos/event/a/0/f/2/600_448601202.jpeg,"We're a group of Developers, Designers, and Enthusiasts from the greater Atlanta area interested in building awesome Windows Store apps for Windows 8 and the Windows RT devices.",408
Atlanta Salesforce Saturday Meetup,https://www.meetup.com/Atlanta-Salesforce-Saturday-Meetup/,https://secure.meetupstatic.com/photos/event/4/8/7/6/600_465678550.jpeg,"Salesforce Saturday is where Salesforce.com Admins, Devs, BAs, and Users can come together over coffee/tea and share best practices and hone in on their skills.",401
Atlanta CRM,https://www.meetup.com/Atlanta-CRM/,https://secure.meetupstatic.com/photos/event/5/3/3/7/600_445881303.jpeg,There are multiple options for Customer Relationship Management software in your organization. How do you learn about the various options?,396
Big Data Hadoop Ingest Transform Apex Atlanta Online,https://www.meetup.com/Big-Data-Hadoop-Ingest-Transform-Apex-Atlanta-Online/,"",Welcome Big Data Ingesters/BigFoots!,394
Atlanta Sitecore User Group,https://www.meetup.com/Atlanta-Sitecore/,https://secure.meetupstatic.com/photos/event/3/0/c/5/600_459552485.jpeg,"Focusing on the industry-leading Sitecore CMS platform, the Atlanta Sitecore User Group is a networking group located in the Greater Atlanta area.",394
"MidTown - ATL - Database, Cloud, Virtualization & Storage",https://www.meetup.com/MidTown-ATL-Database-Cloud-Virtualization-Storage/,"","Talk database, cloud, application, virtualization, big data, open-source and storage trends and new directions (Oracle, SQL Server, mySQL, SAP HANA, Azure, AWS, vCloud Air, Database-as-a-Service, Platform-as-a-Service, Infrastructure-as-a-Service, VMware, Hyper-V, Data Lakes, Cassandra, MongoDB, noSQL, CouchBase, Linux, Flash storage trends and new directions)",393
"Ethical Hackers, Penetration Testers, & Information Security",https://www.meetup.com/Ethical-Hackers/,https://secure.meetupstatic.com/photos/event/3/7/1/1/600_461234097.jpeg,"Our group focuses on Network infiltration, Web application vulnerability testing, security assessments and of course CTFs.. Geeking out on all things InfoSec, play a little and Learn alot!",392
GAIT - IoT Analytics Atlanta,https://www.meetup.com/IoT-Analytics-Atlanta/,"","This is a group for anyone interested in Internet of Things (IoT) Analytics, more specifically building an IoT Analytics solution using Big Data tools. I started this group to meet with IoT enthusiasts and IoTA professionals with the goal to discuss IoT business problems from a strategic non-technical perspective as well as from Big Data technologies side of things to discuss how data is acquired and stored, how it's processed & transformed and how it can be used to deliver business insights.",391
Big Data Atlanta Meetup,https://www.meetup.com/Big-Data-Atlanta-Meetup/,https://secure.meetupstatic.com/photos/event/c/4/0/9/600_461210185.jpeg,"Atlanta Big Data! So we have gigabytes, terabytes, petabytes of data, but what is it good for? Our group will focus on analytics and highlight methods to find value in your big data, including but likely not limited to batch and stream processing, database applications, machine learning, predictive analytics, reporting and integration with the broader business intelligence and IT ecosystem. We will have regular meetups to discuss platform technology, solutions, success stories. Topics will include Architecture and platforms, Commercial products and implementations, Open source projects and integrations, and Local industry spotlight and use cases.",390
Learn to Code | Thinkful Alpharetta,https://www.meetup.com/Learn-to-Code-Thinkful-Alpharetta/,https://secure.meetupstatic.com/photos/event/4/0/7/3/600_462196499.jpeg,"Thinkful Alpharetta helps you learn new skills and become hired developers and data scientists. We host workshops, info-sessions, tech talks, and happy hours focused on helping you learn how to code. So whether you are just beginning to learn the basics, don't even know where to start, or have dabbled in development or data science already, come join us!",387
Atlanta SharePoint & Office 365 User Group,https://www.meetup.com/Atlanta-SharePoint-Office-365-User-Group/,https://secure.meetupstatic.com/photos/event/e/9/2/4/600_458399684.jpeg,"This is the Atlanta SharePoint and Office 365 User Group. We were founded in April 2009 and have finally made the move to Meetup. We are a community organization for all SharePoint and Office 365 users, developers, administrators and related professionals. Come join us on the third Monday of the month.",384
Southeastern Inventors Association,https://www.meetup.com/Southeastern-Inventors-Assn/,https://secure.meetupstatic.com/photos/event/6/a/9/1/600_431907281.jpeg,"The Southeastern Inventors Association (SIA) is an innovative network for inventors and resource providers. Based in greater Metro Atlanta area, the SIA brings together a diverse group of people. From those just beginning their inventing journey to those with patent in hand combined with people who provide resources, we offer a chance to meet and collaborate twice monthly. Our association meets on the 4th Saturday each month (except 2nd Saturdays for Nov & Dec).",382
Atlanta Xamarin Users Group,https://www.meetup.com/Atlanta-Xamarin-Users-Group/,https://secure.meetupstatic.com/photos/event/3/3/f/4/600_448633300.jpeg,"Calling all Xamarin developers in the Atlanta area! We have started this Meetup to create a group which fosters the sharing of ideas and learning on Xamarin. This spectacular platform is an ideal digital solution that enables developers to easily create cross-platform mobile apps using a device's native UI with C#, simplifying mobile application creation. We hold hands-on sessions, solve problems, and bring in various speakers to cover a range of mobile development topics. This growing platform is young and together we'll be able to share ideas and challenges to make all our lives a little easier. If you're a developer, designer, manager, QA or mobile user, this group is right for you!",374
Southeast Information Technology Professionals,https://www.meetup.com/Southeast-Information-Technology-Professionals/,https://secure.meetupstatic.com/photos/event/9/1/9/0/600_439777264.jpeg,"This group is up for grabs, I am stepping down.",374
Atlanta-Lean-Startup-Circle,https://www.meetup.com/Atlanta-Lean-Startup-Circle/,https://secure.meetupstatic.com/photos/event/7/f/1/3/600_50852531.jpeg,"Fail often learn quickly... Lean startup uses customer development to reduce waste, reduce time to market, increase contact with customers and avoid incorrect market assumptions.",371
RIoT Atlanta,https://www.meetup.com/RIoT-Atlanta/,"","RIoT Atlanta is the Atlanta chapter of the RIoT organization. Collectively RIoT represents a network of technologists, engineers, business leaders, academics, policy makers, and entrepreneurs, all of whom have a stake in the Internet of Things industry. Companies ranging from startups to international heavyweights meet frequently to exchange ideas, to learn new technologies, and to create new opportunities. The Internet of Things is here, and it’s growing. Our mission is to create a community that captures IoT opportunities locally, nationally, and globally.",366
Atlanta Artificial Intelligence Meetup,https://www.meetup.com/Atlanta-Artificial-Intelligence-Meetup/,https://secure.meetupstatic.com/photos/event/b/0/3/b/600_456465115.jpeg,"Anyone interested in Artificial Intelligence, Machine Learning, Deep Learning, Neural Network ...",363
Counterpoint Hackerspace,https://www.meetup.com/counterpoint/,https://secure.meetupstatic.com/photos/event/7/3/f/b/600_461909691.jpeg,"We are Counterpoint. Counterpoint is a hackerspace for technical-creative projects, doocratically run by our members. We are a non-profit educational institution intended for public benefit. Come and visit our space located in Roswell, Georgia. We teach, we learn, we share.",362
Ember.js Atlanta Meetup,https://www.meetup.com/Ember-Atlanta-Meetup/,https://secure.meetupstatic.com/photos/event/6/1/5/a/600_141984922.jpeg,Follow Us on Twitter at @AtlantaEmber (https://twitter.com/AtlantaEmber),361
OTP Developers,https://www.meetup.com/OTPdevs/,https://secure.meetupstatic.com/photos/event/d/c/b/6/600_225956502.jpeg,We're a bunch of developers who love to learn and share new technologies and skills.,360
Atlanta Cassandra Users Group,https://www.meetup.com/atlcassandra/,https://secure.meetupstatic.com/photos/event/4/8/a/0/600_387618592.jpeg,"This group is for Cassandra users and those new to Cassandra to discuss all aspects of its usage, from schema design to operations.",355
Hyperledger Atlanta,https://www.meetup.com/Hyperledger-Atlanta/,https://secure.meetupstatic.com/photos/event/7/c/4/7/600_462751815.jpeg,"Hyperledger is an open source collaborative effort created to advance cross-industry blockchain technologies. It is a global collaboration, hosted by The Linux Foundation, including leaders in finance, banking, Internet of Things, supply chains, manufacturing and Technology.",354
Nonprofit Tech Club Atlanta,https://www.meetup.com/Nonprofit-Tech-Club-Atlanta/,https://secure.meetupstatic.com/photos/event/6/f/5/6/600_405388502.jpeg,"Social changemakers, non-profit workers, volunteers and technological forerunners come together at Nonprofit Tech Club Atlanta events to mix, swap stories and ideas, build new relationships and learn skills.",353
Social Media Atlanta,https://www.meetup.com/Social-Media-Atlanta/,https://secure.meetupstatic.com/photos/event/c/d/2/0/600_12832512.jpeg,Planning to host a Social Media Atlanta Week during 2017. -- A Twitter hashtag will be established (@SMATL2017).,351
The Atlanta MySQL Meetup Group,https://www.meetup.com/AtlantaMySQL/,https://secure.meetupstatic.com/photos/event/8/9/6/4/600_126995172.jpeg,"Meet nearby MySQL Users for conversation and fun! Come to a local MySQL Meetup to talk about the world's most popular open source database, get great tips and share new ideas. All levels of experience welcome! Looking for work? Looking for talent? Check out the Atlanta MySQL Jobs Google Group at http://groups.google.com/group/atlanta-mysql-jobs",351
Government Blockchain Association - ATL Chapter,https://www.meetup.com/GBA-ATL/,https://secure.meetupstatic.com/photos/event/3/f/e/4/600_464296356.jpeg,"GBA-ATL will play a key role in informing and facilitating the development of blockchain for industry, commerce, education and government. This group is for people who work in some capacity for public organizations and are interested in how the Blockchain impacts government agencies, departments and other public organizations. We are made up of government employees, contractors and interested parties in using and promoting government understanding and use of the Blockchain.",345
Apache Spark,https://www.meetup.com/Apache-Spark/,https://secure.meetupstatic.com/photos/event/4/b/2/e/600_460819246.jpeg,"This is a meetup for users of Spark (www.spark-project.org) in Atlanta, Georgia. Apache Spark is a fast and general engine for large-scale data processing.",341
Meteor Atlanta,https://www.meetup.com/Meteor-Atlanta/,https://secure.meetupstatic.com/photos/event/b/7/4/a/600_207346922.jpeg,"Meet other developers using Meteor. Share your knowledge, apps, and get feedback from others. Meteor is an open-source platform for building top-quality web apps in a fraction of the time, whether you're an expert developer or just getting started.",336
Digital Analytics Association - Atlanta Chapter,https://www.meetup.com/Digital-Analytics-Association-Atlanta-Chapter/,"","The Digital Analytics Association Atlanta Chapter is a passionate group of digital analytics professionals, dedicated to making analytics professionals more effective and valuable through professional development and community. We hope to see you at a DAA Atlanta Chapter event!",335
Learning “Machine Learning” by Example,https://www.meetup.com/Learning-Machine-Learning-by-Example/,https://secure.meetupstatic.com/photos/event/4/3/e/6/600_172397382.jpeg,Learning “Machine Learning” by Example,329
Adobe InDesign User Group - Atlanta,https://www.meetup.com/Adobe-InDesign-User-Group-Atlanta/,"","The InDesign User Group is a group to help users access a wide range of InDesign and InCopy resources and get information about industry trends and events. Attend an InDesign User Group meeting to learn more about Adobe InDesign, InCopy and other Creative Cloud tools, connect with peers, and stay up-to-date on design and publishing trends.",328
